API,Primary Product,Well Name,Surface Latitude,Surface Longitude,Total Proppant (lbs),Total Fluid (gals),Depth Total Driller,Lat Len Gross Perf Intvl,Hole Direction,Operator Name,County Name,Province State Name,Status Current Name,Formation Producing Name,Depth True Vertical,Reserve Category,Month,Year,TypeCurveArea
A_33025005950000,O,JENSEN 1-5H,47.489042700000006,-102.8194632,1000000,1000000,17370,6246.0,HORIZONTAL,CONTINENTAL RESOURCES  INC.,DUNN ,ND,ACTIVE,MIDDLE BAKKEN ,10000.0,1PDP,SEP,2006,Default
A_33025006110000,O,BRANDVIK 14-24H,47.532242100000005,-102.86346040000001,1000000,1000000,18037,6586.0,HORIZONTAL,CONTINENTAL RESOURCES  INC.,DUNN ,ND,ACTIVE,MIDDLE BAKKEN ,10000.0,1PDP,FEB,2007,Default
A_33025006130000,O,CANDEE 11-9H,47.4872649,-102.7997652,1000000,1000000,17705,6515.0,HORIZONTAL,CONTINENTAL RESOURCES  INC.,DUNN ,ND,ACTIVE,MIDDLE BAKKEN ,10000.0,1PDP,JUN,2007,Default
A_33025006140000,O,STATE WEYDAHL 44-36H,47.5030565,-102.84534609999999,1000000,1000000,17740,6418.0,HORIZONTAL,CONTINENTAL RESOURCES  INC.,DUNN ,ND,ACTIVE,MIDDLE BAKKEN ,10000.0,1PDP,APR,2007,Default
A_33025006180000,O,MEDICINE HOLE 14-27H,47.430890500000004,-102.90526940000001,1000000,1000000,21070,9361.0,HORIZONTAL,CONTINENTAL RESOURCES  INC.,DUNN ,ND,ACTIVE,MIDDLE BAKKEN ,10000.0,1PDP,MAY,2007,Default
A_33025006170000,O,DVIRNAK 14-6H,47.4888513,-102.8412859,1000000,1000000,17720,6408.0,HORIZONTAL,CONTINENTAL RESOURCES  INC.,DUNN ,ND,ACTIVE,MIDDLE BAKKEN ,10000.0,1PDP,JUL,2007,Default
A_33025006300000,O,RYDEN 21-24H,47.4576686,-102.85481829999999,1000000,1000000,20440,8775.0,HORIZONTAL,CONTINENTAL RESOURCES  INC.,DUNN ,ND,ACTIVE,MIDDLE BAKKEN ,10000.0,1PDP,AUG,2007,Default
A_33025006320000,O,CARUS 24-28H,47.5177652,-102.92266690000001,1000000,1000000,20905,8893.0,HORIZONTAL,CONTINENTAL RESOURCES  INC.,DUNN ,ND,ACTIVE,MIDDLE BAKKEN ,10000.0,1PDP,AUG,2007,Default
A_33025006310000,O,CCU CORRAL CREEK 34-33H,47.5026575,-102.7895087,1000000,1000000,20620,9006.0,HORIZONTAL,BURLINGTON RESOURCES OIL & GAS COMPANY LP,DUNN ,ND,ACTIVE,MIDDLE BAKKEN ,10000.0,1PDP,SEP,2007,Default
A_33025006450000,O,PLETAN 1-18H,47.4729629,-102.83832290000001,1000000,1000000,20012,8635.0,HORIZONTAL,CONTINENTAL RESOURCES  INC.,DUNN ,ND,ACTIVE,MIDDLE BAKKEN ,10000.0,1PDP,FEB,2008,Default
A_33025006690000,O,CCU PRAIRIE ROSE 24-31H,47.5028368,-102.8371848,1000000,1000000,20540,8818.0,HORIZONTAL,BURLINGTON RESOURCES OIL & GAS COMPANY LP,DUNN ,ND,ACTIVE,MIDDLE BAKKEN ,10000.0,1PDP,DEC,2007,Default
A_33025006780000,O,MEADOWLARK 11-6H,47.414736600000005,-102.83842840000001,1000000,1000000,20545,8965.0,HORIZONTAL,CONTINENTAL RESOURCES  INC.,DUNN ,ND,ACTIVE,MIDDLE BAKKEN ,10000.0,1PDP,JAN,2008,Default
A_33025006680000,O,BANG 1-33H,47.5158468,-102.9235191,1000000,1000000,20819,9119.0,HORIZONTAL,CONTINENTAL RESOURCES  INC.,DUNN ,ND,ACTIVE,MIDDLE BAKKEN ,10000.0,1PDP,MAR,2008,Default
A_33025007230000,O,WHITMAN 11-34H,47.515203899999996,-102.9061458,1000000,1000000,21389,9289.0,HORIZONTAL,CONTINENTAL RESOURCES  INC.,DUNN ,ND,ACTIVE,MIDDLE BAKKEN ,10000.0,1PDP,APR,2008,Default
A_33025007300000,O,BONNEVILLE 41-23H,47.4581092,-102.8692997,1000000,1000000,21170,9416.0,HORIZONTAL,CONTINENTAL RESOURCES  INC.,DUNN ,ND,ACTIVE,MIDDLE BAKKEN ,10000.0,1PDP,APR,2008,Default
A_33025007070000,O,COLTER 44-14H,47.547251700000004,-102.870354,1000000,1000000,20335,8530.0,HORIZONTAL,CONTINENTAL RESOURCES  INC.,DUNN ,ND,ACTIVE,MIDDLE BAKKEN ,10000.0,1PDP,MAR,2008,Default
A_33025006960000,O,BICE 1-29H,47.443960600000004,-102.8062037,1000000,1000000,20455,9135.0,HORIZONTAL,CONTINENTAL RESOURCES  INC.,DUNN ,ND,ACTIVE,THREE FORKS ,10000.0,1PDP,MAY,2008,Default
A_33025007260000,O,CCU POWELL 14-32H,47.503085600000006,-102.81902190000001,1000000,1000000,20737,8993.0,HORIZONTAL,BURLINGTON RESOURCES OIL & GAS COMPANY LP,DUNN ,ND,ACTIVE,MIDDLE BAKKEN ,10000.0,1PDP,JUN,2008,Default
A_33025007310000,O,BRIDGER 44-14H,47.4598386,-102.86851180000001,1000000,1000000,21149,9418.0,HORIZONTAL,CONTINENTAL RESOURCES  INC.,DUNN ,ND,ACTIVE,MIDDLE BAKKEN ,10000.0,1PDP,APR,2008,Default
A_33025007250000,O,CARSON PEAK 44-2H,47.4887338,-102.8702229,1000000,1000000,20596,8789.0,HORIZONTAL,CONTINENTAL RESOURCES  INC.,DUNN ,ND,ACTIVE,MIDDLE BAKKEN ,10000.0,1PDP,JUN,2008,Default
A_33025007380000,O,BRANDVIK 24X-13B,47.5466093,-102.8588785,1000000,1000000,20463,8650.0,HORIZONTAL,XTO ENERGY INC.,DUNN ,ND,ACTIVE,MIDDLE BAKKEN ,10000.0,1PDP,JUN,2008,Default
A_33025006940000,O,VEIGEL 1-9H,47.486927200000004,-102.9212563,1000000,1000000,20874,9214.0,HORIZONTAL,CONTINENTAL RESOURCES  INC.,DUNN ,ND,ACTIVE,MIDDLE BAKKEN ,10000.0,1PDP,JUN,2008,Default
A_33025007450000,O,RODNEY 1-29H,47.5173444,-102.93437519999999,1000000,1000000,21019,9158.0,HORIZONTAL,CONTINENTAL RESOURCES  INC.,DUNN ,ND,ACTIVE,MIDDLE BAKKEN ,10000.0,1PDP,JUN,2008,Default
A_33025007580000,O,TROTTER 25-1H,47.442777299999996,-102.98486120000001,1000000,1000000,20719,9141.0,HORIZONTAL,HESS BAKKEN INVESTMENTS II  LLC,DUNN ,ND,ACTIVE,MIDDLE BAKKEN ,10000.0,1PDP,JUL,2008,Default
A_33025007560000,O,GALE 1-32H,47.5161088,-102.93504200000001,1000000,1000000,21092,9235.0,HORIZONTAL,CONTINENTAL RESOURCES  INC.,DUNN ,ND,ACTIVE,THREE FORKS ,10000.0,1PDP,AUG,2008,Default
A_33025007440000,O,SKACHENKO 1-31H,47.4162444,-102.8384324,1000000,1000000,20480,9162.0,HORIZONTAL,CONTINENTAL RESOURCES  INC.,DUNN ,ND,ACTIVE,THREE FORKS ,10000.0,1PDP,NOV,2008,Default
A_33025007680000,O,CCU WILLIAM 14-20H,47.531926299999995,-102.8194257,1000000,1000000,20937,9427.0,HORIZONTAL,BURLINGTON RESOURCES OIL & GAS COMPANY LP,DUNN ,ND,ACTIVE,MIDDLE BAKKEN ,10000.0,1PDP,SEP,2008,Default
A_33025007770000,O,MORRIS 1-23H,47.543622799999994,-102.87137879999999,1000000,1000000,20300,8871.0,HORIZONTAL,CONTINENTAL RESOURCES  INC.,DUNN ,ND,ACTIVE,THREE FORKS ,10000.0,1PDP,OCT,2008,Default
A_33025007540000,O,MITTLESTADT 1-20H,47.44505720000001,-102.8062017,1000000,1000000,20545,9296.0,HORIZONTAL,CONTINENTAL RESOURCES  INC.,DUNN ,ND,ACTIVE,THREE FORKS ,10000.0,1PDP,NOV,2008,Default
A_33025008330000,O,HAMILTON 35-1H,47.4159168,-103.00208740000001,1000000,1000000,20626,8659.0,HORIZONTAL,HESS BAKKEN INVESTMENTS II  LLC,DUNN ,ND,ACTIVE,MIDDLE BAKKEN ,10000.0,1PDP,DEC,2008,Default
A_33025008190000,O,RHONDA 1-28H,47.4301534,-102.9116099,1000000,1000000,21265,9525.0,HORIZONTAL,CONTINENTAL RESOURCES  INC.,DUNN ,ND,ACTIVE,THREE FORKS ,10000.0,1PDP,JAN,2009,Default
A_33025008250000,O,CCU CAROL 44-31H,47.502914399999995,-102.8243897,1000000,1000000,20752,9468.0,HORIZONTAL,BURLINGTON RESOURCES OIL & GAS COMPANY LP,DUNN ,ND,ACTIVE,THREE FORKS ,10000.0,1PDP,MAR,2009,Default
A_33025008310000,O,CCU FOUR ACES 11-16H,47.5589432,-102.7950409,1000000,1000000,20609,9066.0,HORIZONTAL,BURLINGTON RESOURCES OIL & GAS COMPANY LP,DUNN ,ND,ACTIVE,MIDDLE BAKKEN ,10000.0,1PDP,APR,2009,Default
A_33025007980000,O,THORVALD 1-6H,47.488241200000004,-102.96732320000001,1000000,1000000,21070,9376.0,HORIZONTAL,CONTINENTAL RESOURCES  INC.,DUNN ,ND,ACTIVE,THREE FORKS ,10000.0,1PDP,MAR,2009,Default
A_33025008470000,O,OLSON 34-1H,47.502445200000004,-103.0252122,1000000,1000000,20000,8181.0,HORIZONTAL,HESS BAKKEN INVESTMENTS II  LLC,DUNN ,ND,ACTIVE,MIDDLE BAKKEN ,10000.0,1PDP,JAN,2009,Default
A_33025008720000,O,ALWIN 13-1H,47.5580677,-102.9834455,1000000,1000000,20511,8775.0,HORIZONTAL,HESS BAKKEN INVESTMENTS II  LLC,DUNN ,ND,ACTIVE,MIDDLE BAKKEN ,10000.0,1PDP,APR,2009,Default
A_33025008990000,O,DUKART 3-1H,47.4142718,-103.027048,1000000,1000000,20394,8882.0,HORIZONTAL,HESS BAKKEN INVESTMENTS II  LLC,DUNN ,ND,ACTIVE,MIDDLE BAKKEN ,10000.0,1PDP,JUN,2009,Default
A_33025007860000,O,KUKLA 1-21H,47.4452874,-102.7947906,1000000,1000000,20503,9255.0,HORIZONTAL,CONTINENTAL RESOURCES  INC.,DUNN ,ND,ACTIVE,THREE FORKS ,10000.0,1PDP,MAY,2009,Default
A_33025007800000,O,DOLEZAL 1-5H,47.4147566,-102.8167317,1000000,1000000,20548,9313.0,HORIZONTAL,CONTINENTAL RESOURCES  INC.,DUNN ,ND,ACTIVE,THREE FORKS ,10000.0,1PDP,AUG,2009,Default
A_33025008840000,O,ERICKSON 11-1H,47.5603982,-103.00475329999999,1000000,1000000,20736,9008.0,HORIZONTAL,HESS BAKKEN INVESTMENTS II  LLC,DUNN ,ND,ACTIVE,MIDDLE BAKKEN ,10000.0,1PDP,DEC,2009,Default
A_33025009520000,O,OBRIGEWITCH 34-1H,47.4162519,-103.0281907,1000000,1000000,20440,8976.0,HORIZONTAL,HESS BAKKEN INVESTMENTS II  LLC,DUNN ,ND,ACTIVE,MIDDLE BAKKEN ,10000.0,1PDP,OCT,2009,Default
A_33025008170000,O,CUSKELLY 1-7H,47.487068900000004,-102.9659079,1000000,1000000,20960,9368.0,HORIZONTAL,CONTINENTAL RESOURCES  INC.,DUNN ,ND,ACTIVE,THREE FORKS ,10000.0,1PDP,NOV,2009,Default
A_33025008860000,O,BICE 2-29H,47.4439511,-102.8082261,1000000,1000000,20517,9349.0,HORIZONTAL,CONTINENTAL RESOURCES  INC.,DUNN ,ND,ACTIVE,MIDDLE BAKKEN ,10000.0,1PDP,DEC,2009,Default
A_33025009620000,O,HAWKINSON 1-22H,47.5448319,-102.9017214,1000000,1000000,20850,9294.0,HORIZONTAL,CONTINENTAL RESOURCES  INC.,DUNN ,ND,ACTIVE,THREE FORKS ,10000.0,1PDP,FEB,2010,Default
A_33025007880000,O,LUNDBERG 1-8H,47.4873137,-102.9346338,1000000,1000000,20940,9170.0,HORIZONTAL,CONTINENTAL RESOURCES  INC.,DUNN ,ND,ACTIVE,THREE FORKS ,10000.0,1PDP,APR,2010,Default
A_33025008200000,O,KATE 1-19H,47.54470739999999,-102.9543143,1000000,1000000,21017,9329.0,HORIZONTAL,CONTINENTAL RESOURCES  INC.,DUNN ,ND,ACTIVE,THREE FORKS ,10000.0,1PDP,MAR,2010,Default
A_33025009990000,O,LIND 2-1H,47.4153685,-103.0020849,1000000,1000000,20911,9311.0,HORIZONTAL,HESS BAKKEN INVESTMENTS II  LLC,DUNN ,ND,ACTIVE,MIDDLE BAKKEN ,10000.0,1PDP,MAY,2010,Default
A_33025010510000,O,SUMMERFIELD 15-15H,47.5463131,-102.8919598,1000000,1000000,15449,4051.0,HORIZONTAL,HESS BAKKEN INVESTMENTS II  LLC,DUNN ,ND,ACTIVE,MIDDLE BAKKEN ,10000.0,1PDP,MAY,2010,Default
A_33025008490000,O,BICE 12-1H,47.5605157,-102.9872195,1000000,1000000,20858,9107.0,HORIZONTAL,HESS BAKKEN INVESTMENTS II  LLC,DUNN ,ND,ACTIVE,MIDDLE BAKKEN ,10000.0,1PDP,JUN,2010,Default
A_33025010310000,O,BANG 2-33T,47.5156263,-102.9222635,1000000,1000000,20325,8653.0,HORIZONTAL,CONTINENTAL RESOURCES  INC.,DUNN ,ND,ACTIVE,THREE FORKS ,10000.0,1PDP,APR,2010,Default
A_33025008240000,O,ROGER 1-18H,47.5459371,-102.95551979999999,1000000,1000000,21056,9332.0,HORIZONTAL,CONTINENTAL RESOURCES  INC.,DUNN ,ND,ACTIVE,THREE FORKS ,10000.0,1PDP,MAY,2010,Default
A_33025010550000,O,HEGLER 2-13H,47.473689799999995,-102.9747473,1000000,1000000,21690,10032.0,HORIZONTAL,CONTINENTAL RESOURCES  INC.,DUNN ,ND,ACTIVE,MIDDLE BAKKEN ,10000.0,1PDP,AUG,2010,Default
A_33025010590000,O,OLSON 3-1H,47.5008625,-103.0232272,1000000,1000000,20983,9458.0,HORIZONTAL,HESS BAKKEN INVESTMENTS II  LLC,DUNN ,ND,ACTIVE,MIDDLE BAKKEN ,10000.0,1PDP,JUL,2010,Default
A_33025010560000,O,ARTHUR 2-12H,47.4736896,-102.97461779999999,1000000,1000000,21325,9665.0,HORIZONTAL,CONTINENTAL RESOURCES  INC.,DUNN ,ND,ACTIVE,MIDDLE BAKKEN ,10000.0,1PDP,AUG,2010,Default
A_33025010090000,O,ARTHUR 1-12H,47.4736901,-102.97487679999999,1000000,1000000,21435,9756.0,HORIZONTAL,CONTINENTAL RESOURCES  INC.,DUNN ,ND,ACTIVE,THREE FORKS ,10000.0,1PDP,AUG,2010,Default
A_33025010100000,O,HEGLER 1-13H,47.4736903,-102.9750064,1000000,1000000,21483,9793.0,HORIZONTAL,CONTINENTAL RESOURCES  INC.,DUNN ,ND,ACTIVE,THREE FORKS ,10000.0,1PDP,AUG,2010,Default
A_33025010430000,O,MEDICINE HOLE 2-27H,47.4311434,-102.90351329999999,1000000,1000000,21071,9466.0,HORIZONTAL,CONTINENTAL RESOURCES  INC.,DUNN ,ND,ACTIVE,THREE FORKS ,10000.0,1PDP,JUL,2010,Default
A_33025010970000,O,BONNEVILLE 3-23H,47.4577873,-102.88075740000001,1000000,1000000,20900,9240.0,HORIZONTAL,CONTINENTAL RESOURCES  INC.,DUNN ,ND,ACTIVE,MIDDLE BAKKEN ,10000.0,1PDP,DEC,2010,Default
A_33025010990000,O,BONNEVILLE 2-23H,47.4578285,-102.8810129,1000000,1000000,21115,9617.0,HORIZONTAL,CONTINENTAL RESOURCES  INC.,DUNN ,ND,ACTIVE,THREE FORKS ,10000.0,1PDP,DEC,2010,Default
A_33025010980000,O,BRIDGER 3-14H,47.457806500000004,-102.88088309999999,1000000,1000000,21690,10249.0,HORIZONTAL,CONTINENTAL RESOURCES  INC.,DUNN ,ND,ACTIVE,MIDDLE BAKKEN ,10000.0,1PDP,DEC,2010,Default
A_33025011000000,O,BRIDGER 2-14H,47.4578476,-102.8811386,1000000,1000000,21890,10390.0,HORIZONTAL,CONTINENTAL RESOURCES  INC.,DUNN ,ND,ACTIVE,THREE FORKS ,10000.0,1PDP,DEC,2010,Default
A_33025011250000,O,BRANDVIK 2-25H,47.51717360000001,-102.8463339,1000000,1000000,21170,9691.0,HORIZONTAL,CONTINENTAL RESOURCES  INC.,DUNN ,ND,ACTIVE,THREE FORKS ,10000.0,1PDP,OCT,2010,Default
A_33025011450000,O,NADIA 1-30H,47.4309396,-102.9655202,1000000,1000000,21400,9370.0,HORIZONTAL,CONTINENTAL RESOURCES  INC.,DUNN ,ND,ACTIVE,THREE FORKS ,10000.0,1PDP,DEC,2010,Default
A_33025010410000,O,FRANKLIN 24-36H,47.5027229,-102.9870017,1000000,1000000,20935,9464.0,HORIZONTAL,BURLINGTON RESOURCES OIL & GAS COMPANY LP,DUNN ,ND,ACTIVE,MIDDLE BAKKEN ,10000.0,1PDP,JAN,2011,Default
A_33025011270000,O,RHONDA 2-28H,47.4315126,-102.9104558,1000000,1000000,21016,9408.0,HORIZONTAL,CONTINENTAL RESOURCES  INC.,DUNN ,ND,ACTIVE,MIDDLE BAKKEN ,10000.0,1PDP,JAN,2011,Default
A_33025011570000,O,VICTOR POHRIBNAK 16-1H,47.5605809,-102.92247809999999,1000000,1000000,16275,4682.0,HORIZONTAL,HESS BAKKEN INVESTMENTS II  LLC,DUNN ,ND,ACTIVE,THREE FORKS ,10000.0,1PDP,DEC,2010,Default
A_33025011840000,O,DOLEZAL 2-5H,47.414536299999995,-102.8179258,1000000,1000000,19260,7868.0,HORIZONTAL,CONTINENTAL RESOURCES  INC.,DUNN ,ND,ACTIVE,MIDDLE BAKKEN ,10000.0,1PDP,APR,2011,Default
A_33025010770000,O,MORRIS 2-26H,47.5183237,-102.8790755,1000000,1000000,21145,9433.0,HORIZONTAL,CONTINENTAL RESOURCES  INC.,DUNN ,ND,ACTIVE,THREE FORKS ,10000.0,1PDP,APR,2011,Default
A_33025011030000,O,MEADOWLARK 2-6H,47.416250700000006,-102.83166999999999,1000000,1000000,21405,10147.0,HORIZONTAL,CONTINENTAL RESOURCES  INC.,DUNN ,ND,ACTIVE,MIDDLE BAKKEN ,10000.0,1PDP,APR,2011,Default
A_33025010760000,O,CARSON PEAK 3-35H,47.518294299999994,-102.87895400000001,1000000,1000000,22065,10227.0,HORIZONTAL,CONTINENTAL RESOURCES  INC.,DUNN ,ND,ACTIVE,THREE FORKS ,10000.0,1PDP,APR,2011,Default
A_33025010460000,O,KEENE 14-35H,47.502517600000004,-103.0085189,1000000,1000000,21018,9416.0,HORIZONTAL,BURLINGTON RESOURCES OIL & GAS COMPANY LP,DUNN ,ND,ACTIVE,MIDDLE BAKKEN ,10000.0,1PDP,JUN,2011,Default
A_33025011040000,O,SKACHENKO 2-31H,47.4162506,-102.83179940000001,1000000,1000000,20936,9664.0,HORIZONTAL,CONTINENTAL RESOURCES  INC.,DUNN ,ND,ACTIVE,THREE FORKS ,10000.0,1PDP,APR,2011,Default
A_33025011020000,O,SKACHENKO 3-31H,47.416250899999994,-102.8315406,1000000,1000000,20801,9566.0,HORIZONTAL,CONTINENTAL RESOURCES  INC.,DUNN ,ND,ACTIVE,MIDDLE BAKKEN ,10000.0,1PDP,APR,2011,Default
A_33025010780000,O,CARSON PEAK 2-35H,47.5183559,-102.87920109999999,1000000,1000000,22067,10213.0,HORIZONTAL,CONTINENTAL RESOURCES  INC.,DUNN ,ND,ACTIVE,MIDDLE BAKKEN ,10000.0,1PDP,APR,2011,Default
A_33025011010000,O,MEADOWLARK 3-6H,47.416251,-102.8314112,1000000,1000000,21422,10150.0,HORIZONTAL,CONTINENTAL RESOURCES  INC.,DUNN ,ND,ACTIVE,THREE FORKS ,10000.0,1PDP,APR,2011,Default
A_33025010750000,O,MORRIS 3-26H,47.5182648,-102.8788325,1000000,1000000,20970,9315.0,HORIZONTAL,CONTINENTAL RESOURCES  INC.,DUNN ,ND,ACTIVE,MIDDLE BAKKEN ,10000.0,1PDP,APR,2011,Default
A_33025011710000,O,COLTER 2-14H,47.5486515,-102.8687958,1000000,1000000,20270,8810.0,HORIZONTAL,CONTINENTAL RESOURCES  INC.,DUNN ,ND,ACTIVE,THREE FORKS ,10000.0,1PDP,JUL,2011,Default
A_33025012590000,O,WHITMAN 2-34H,47.5160494,-102.89375129999999,1000000,1000000,21230,9608.0,HORIZONTAL,CONTINENTAL RESOURCES  INC.,DUNN ,ND,ACTIVE,MIDDLE BAKKEN ,10000.0,1PDP,SEP,2011,Default
A_33025012610000,O,WHITMAN 3-34H,47.5160489,-102.8940105,1000000,1000000,21379,9691.0,HORIZONTAL,CONTINENTAL RESOURCES  INC.,DUNN ,ND,ACTIVE,THREE FORKS ,10000.0,1PDP,SEP,2011,Default
A_33025012580000,O,HAWKINSON 2-27H,47.5160496,-102.89362170000001,1000000,1000000,21910,10354.0,HORIZONTAL,CONTINENTAL RESOURCES  INC.,DUNN ,ND,ACTIVE,THREE FORKS ,10000.0,1PDP,SEP,2011,Default
A_33025012230000,O,PLETAN 2-18H,47.4729716,-102.8404071,1000000,1000000,21011,9638.0,HORIZONTAL,CONTINENTAL RESOURCES  INC.,DUNN ,ND,ACTIVE,THREE FORKS ,10000.0,1PDP,JUL,2011,Default
A_33025013660000,O,DVIRNAK 2-7H,47.472460600000005,-102.8264534,1000000,1000000,21500,10218.0,HORIZONTAL,CONTINENTAL RESOURCES  INC.,DUNN ,ND,ACTIVE,THREE FORKS ,10000.0,1PDP,NOV,2011,Default
A_33025013670000,O,DVIRNAK 3-7H,47.472459,-102.8260892,1000000,1000000,21490,10200.0,HORIZONTAL,CONTINENTAL RESOURCES  INC.,DUNN ,ND,ACTIVE,MIDDLE BAKKEN ,10000.0,1PDP,NOV,2011,Default
A_33025013680000,O,PLETAN 3-18H,47.4724598,-102.8262713,1000000,1000000,20807,9546.0,HORIZONTAL,CONTINENTAL RESOURCES  INC.,DUNN ,ND,ACTIVE,MIDDLE BAKKEN ,10000.0,1PDP,NOV,2011,Default
A_33025012900000,O,FULLER 1-2H,47.501434100000004,-102.99954609999999,1000000,1000000,21150,9685.0,HORIZONTAL,CONTINENTAL RESOURCES  INC.,DUNN ,ND,ACTIVE,MIDDLE BAKKEN ,10000.0,1PDP,SEP,2011,Default
A_33025013690000,O,PLETAN 4-18H,47.4724583,-102.8259071,1000000,1000000,20970,9648.0,HORIZONTAL,CONTINENTAL RESOURCES  INC.,DUNN ,ND,ACTIVE,THREE FORKS ,10000.0,1PDP,NOV,2011,Default
A_33025014200000,O,KATE 2-19H,47.5449699,-102.95786209999999,1000000,1000000,21325,9693.0,HORIZONTAL,CONTINENTAL RESOURCES  INC.,DUNN ,ND,ACTIVE,MIDDLE BAKKEN ,10000.0,1PDP,DEC,2011,Default
A_33025014480000,O,LK-POHRIBNAK 147-96-16H-3,47.5591489,-102.92195140000001,1000000,1000000,16200,4578.0,HORIZONTAL,HESS BAKKEN INVESTMENTS II  LLC,DUNN ,ND,ACTIVE,MIDDLE BAKKEN ,10000.0,1PDP,JAN,2012,Default
A_33025014490000,O,LK-POHRIBNAK 147-96-16H-2,47.559030799999995,-102.9218468,1000000,1000000,15823,4248.0,HORIZONTAL,HESS BAKKEN INVESTMENTS II  LLC,DUNN ,ND,ACTIVE,THREE FORKS ,10000.0,1PDP,JAN,2012,Default
A_33025014370000,O,THORVALD 2-6H,47.489076000000004,-102.9705767,1000000,1000000,21292,9578.0,HORIZONTAL,CONTINENTAL RESOURCES  INC.,DUNN ,ND,ACTIVE,BAKKEN POOL,10000.0,1PDP,DEC,2011,Default
A_33025012920000,O,EDWARD 1-23H,47.4447735,-103.00037809999999,1000000,1000000,21040,9448.0,HORIZONTAL,CONTINENTAL RESOURCES  INC.,DUNN ,ND,ACTIVE,MIDDLE BAKKEN ,10000.0,1PDP,FEB,2012,Default
A_33025014250000,O,NADIA 2-30H,47.4307401,-102.96873570000001,1000000,1000000,21317,9477.0,HORIZONTAL,CONTINENTAL RESOURCES  INC.,DUNN ,ND,ACTIVE,MIDDLE BAKKEN ,10000.0,1PDP,MAR,2012,Default
A_33025014650000,O,HARTMAN 2-28H,47.4440125,-102.7876552,1000000,1000000,20784,9646.0,HORIZONTAL,CONTINENTAL RESOURCES  INC.,DUNN ,ND,ACTIVE,MIDDLE BAKKEN ,10000.0,1PDP,MAY,2012,Default
A_33025012070000,O,CCU MERIWETHER 44-19MBH,47.5322772,-102.82414240000001,1000000,1000000,21115,9837.0,HORIZONTAL,BURLINGTON RESOURCES OIL & GAS COMPANY LP,DUNN ,ND,ACTIVE,MIDDLE BAKKEN ,10000.0,1PDP,JUL,2012,Default
A_33025014780000,O,MITTLESTADT 2-20H,47.4450667,-102.8041989,1000000,1000000,20846,9661.0,HORIZONTAL,CONTINENTAL RESOURCES  INC.,DUNN ,ND,ACTIVE,MIDDLE BAKKEN ,10000.0,1PDP,JUN,2012,Default
A_33025007650000,O,CCU MERIWETHER 44-19TFH,47.5322777,-102.82396,1000000,1000000,20813,9413.0,HORIZONTAL,BURLINGTON RESOURCES OIL & GAS COMPANY LP,DUNN ,ND,ACTIVE,THREE FORKS ,10000.0,1PDP,JUL,2012,Default
A_33025014550000,O,CONCORD 44-10MBH,47.560359999999996,-103.01758690000001,1000000,1000000,20894,9329.0,HORIZONTAL,BURLINGTON RESOURCES OIL & GAS COMPANY LP,DUNN ,ND,ACTIVE,MIDDLE BAKKEN ,10000.0,1PDP,SEP,2012,Default
A_33025016410000,O,LK-HAMILTON 146-97-3526H-2,47.4162211,-103.0020955,1000000,1000000,21283,9728.0,HORIZONTAL,HESS BAKKEN INVESTMENTS II  LLC,DUNN ,ND,ACTIVE,MIDDLE BAKKEN ,10000.0,1PDP,SEP,2012,Default
A_33025016910000,O,CCU POWELL 21-29MBH,47.529607,-102.80935579999999,1000000,1000000,20765,9204.0,HORIZONTAL,BURLINGTON RESOURCES OIL & GAS COMPANY LP,DUNN ,ND,ACTIVE,MIDDLE BAKKEN ,10000.0,1PDP,OCT,2012,Default
A_33025016400000,O,LK-HAMILTON 146-97-3526H-3,47.416358200000005,-103.0020955,1000000,1000000,20789,9191.0,HORIZONTAL,HESS BAKKEN INVESTMENTS II  LLC,DUNN ,ND,ACTIVE,MIDDLE BAKKEN ,10000.0,1PDP,SEP,2012,Default
A_33025017200000,O,LK-POHRIBNAK- 147-96-16H-4,47.559450899999995,-102.92220470000001,1000000,1000000,16281,4434.0,HORIZONTAL,HESS BAKKEN INVESTMENTS II  LLC,DUNN ,ND,ACTIVE,THREE FORKS ,10000.0,1PDP,AUG,2012,Default
A_33025016180000,O,RODNEY 2-29H,47.5176343,-102.94730609999999,1000000,1000000,21147,9511.0,HORIZONTAL,CONTINENTAL RESOURCES  INC.,DUNN ,ND,ACTIVE,MIDDLE BAKKEN ,10000.0,1PDP,DEC,2012,Default
A_33025016800000,O,JENSEN 2-8AH,47.4739818,-102.8061022,1000000,1000000,20873,9538.0,HORIZONTAL,CONTINENTAL RESOURCES  INC.,DUNN ,ND,ACTIVE,THREE FORKS ,10000.0,1PDP,AUG,2012,Default
A_33025016900000,O,CCU POWELL 21-29TFH,47.529606,-102.8091735,1000000,1000000,20874,9472.0,HORIZONTAL,BURLINGTON RESOURCES OIL & GAS COMPANY LP,DUNN ,ND,ACTIVE,THREE FORKS ,10000.0,1PDP,OCT,2012,Default
A_33025015820000,O,CONCORD 34-10MBH,47.5603438,-103.023426,1000000,1000000,20943,9403.0,HORIZONTAL,BURLINGTON RESOURCES OIL & GAS COMPANY LP,DUNN ,ND,ACTIVE,MIDDLE BAKKEN ,10000.0,1PDP,SEP,2012,Default
A_33025016210000,O,GALE 3-32H,47.517723499999995,-102.9467748,1000000,1000000,21950,10250.0,HORIZONTAL,CONTINENTAL RESOURCES  INC.,DUNN ,ND,ACTIVE,THREE FORKS ,10000.0,1PDP,DEC,2012,Default
A_33025017790000,O,HARTMAN 4-28H,47.4439578,-102.79413829999999,1000000,1000000,20948,9785.0,HORIZONTAL,CONTINENTAL RESOURCES  INC.,DUNN ,ND,ACTIVE,THREE FORKS ,10000.0,1PDP,NOV,2012,Default
A_33025016190000,O,GALE 2-32H,47.5176649,-102.9471317,1000000,1000000,21820,10197.0,HORIZONTAL,CONTINENTAL RESOURCES  INC.,DUNN ,ND,ACTIVE,MIDDLE BAKKEN ,10000.0,1PDP,DEC,2012,Default
A_33025017800000,O,HARTMAN 3-28H,47.4439578,-102.7943203,1000000,1000000,21098,10023.0,HORIZONTAL,CONTINENTAL RESOURCES  INC.,DUNN ,ND,ACTIVE,MIDDLE BAKKEN ,10000.0,1PDP,NOV,2012,Default
A_33025016200000,O,RODNEY 3-29H,47.5176956,-102.94695329999999,1000000,1000000,20922,9198.0,HORIZONTAL,CONTINENTAL RESOURCES  INC.,DUNN ,ND,ACTIVE,THREE FORKS ,10000.0,1PDP,DEC,2012,Default
A_33025017460000,O,LK-M ELISABETH 147-97-1522H-3,47.5605834,-103.0262105,1000000,1000000,21400,9575.0,HORIZONTAL,HESS BAKKEN INVESTMENTS II  LLC,DUNN ,ND,ACTIVE,THREE FORKS ,10000.0,1PDP,JAN,2013,Default
A_33025017450000,O,LK-M ELISABETH 147-97-1522H-2,47.560581899999995,-103.0264132,1000000,1000000,21185,9434.0,HORIZONTAL,HESS BAKKEN INVESTMENTS II  LLC,DUNN ,ND,ACTIVE,MIDDLE BAKKEN ,10000.0,1PDP,JAN,2013,Default
A_33025017150000,O,LK-ALWIN 147-97-1324H-3,47.556844299999995,-102.97612629999999,1000000,1000000,20415,8651.0,HORIZONTAL,HESS BAKKEN INVESTMENTS II  LLC,DUNN ,ND,ACTIVE,MIDDLE BAKKEN ,10000.0,1PDP,NOV,2012,Default
A_33025017160000,O,LK-ALWIN 147-97-1324H-2,47.5568982,-102.97631240000001,1000000,1000000,20396,8528.0,HORIZONTAL,HESS BAKKEN INVESTMENTS II  LLC,DUNN ,ND,ACTIVE,THREE FORKS ,10000.0,1PDP,NOV,2012,Default
A_33025017470000,O,LK-M ELISABETH 147-97-1522H-4,47.5605849,-103.0260078,1000000,1000000,22158,10269.0,HORIZONTAL,HESS BAKKEN INVESTMENTS II  LLC,DUNN ,ND,ACTIVE,MIDDLE BAKKEN ,10000.0,1PDP,JAN,2013,Default
A_33025017660000,O,CCU POWELL 11-29MBH,47.530697700000005,-102.82032240000001,1000000,1000000,19945,8624.0,HORIZONTAL,BURLINGTON RESOURCES OIL & GAS COMPANY LP,DUNN ,ND,ACTIVE,MIDDLE BAKKEN ,10000.0,1PDP,FEB,2013,Default
A_33025017650000,O,CCU POWELL 11-29TFH,47.530698799999996,-102.8205047,1000000,1000000,21061,9656.0,HORIZONTAL,BURLINGTON RESOURCES OIL & GAS COMPANY LP,DUNN ,ND,ACTIVE,THREE FORKS ,10000.0,1PDP,FEB,2013,Default
A_33025017640000,O,CCU PRAIRIE ROSE 41-30MBH,47.530699799999994,-102.820687,1000000,1000000,21372,10122.0,HORIZONTAL,BURLINGTON RESOURCES OIL & GAS COMPANY LP,DUNN ,ND,ACTIVE,MIDDLE BAKKEN ,10000.0,1PDP,FEB,2013,Default
A_33025017050000,O,LK-WING 146-97-2215H-5,47.457355,-103.0188842,1000000,1000000,16389,4551.0,HORIZONTAL,HESS BAKKEN INVESTMENTS II  LLC,DUNN ,ND,ACTIVE,MIDDLE BAKKEN ,10000.0,1PDP,JUN,2013,Default
A_33025017070000,O,LK-WING 146-97-2215H-7,47.4573284,-103.0192886,1000000,1000000,17205,5563.0,HORIZONTAL,HESS BAKKEN INVESTMENTS II  LLC,DUNN ,ND,ACTIVE,MIDDLE BAKKEN ,10000.0,1PDP,MAY,2013,Default
A_33025017060000,O,LK-WING 146-97-2215H-6,47.4573417,-103.0190864,1000000,1000000,16281,4579.0,HORIZONTAL,HESS BAKKEN INVESTMENTS II  LLC,DUNN ,ND,ACTIVE,MIDDLE BAKKEN ,10000.0,1PDP,JUN,2013,Default
A_33025019070000,O,COLTER 3-14H-2,47.5488308,-102.8697472,1000000,1000000,20285,8830.0,HORIZONTAL,CONTINENTAL RESOURCES  INC.,DUNN ,ND,ACTIVE,THREE FORKS ,10000.0,1PDP,JUN,2013,Default
A_33025017020000,O,LK-WING 146-97-2215H-2,47.457392,-103.01827759999999,1000000,1000000,15504,3812.0,HORIZONTAL,HESS BAKKEN INVESTMENTS II  LLC,DUNN ,ND,ACTIVE,MIDDLE BAKKEN ,10000.0,1PDP,JUL,2013,Default
A_33025015040000,O,KEENE 44-35MBH,47.5035028,-102.9955175,1000000,1000000,20821,9032.0,HORIZONTAL,BURLINGTON RESOURCES OIL & GAS COMPANY LP,DUNN ,ND,ACTIVE,MIDDLE BAKKEN ,10000.0,1PDP,MAY,2013,Default
A_33025015600000,O,CARUS 2-28H1,47.518783500000005,-102.92402,1000000,1000000,20866,9165.0,HORIZONTAL,CONTINENTAL RESOURCES  INC.,DUNN ,ND,ACTIVE,THREE FORKS ,10000.0,1PDP,JUN,2013,Default
A_33025017040000,O,LK-WING 146-97-2215H-4,47.457368200000005,-103.018682,1000000,1000000,16249,4555.0,HORIZONTAL,HESS BAKKEN INVESTMENTS II  LLC,DUNN ,ND,ACTIVE,MIDDLE BAKKEN ,10000.0,1PDP,JUN,2013,Default
A_33025019600000,O,CCU MERIWETHER 14-19TFH,47.528751299999996,-102.83897859999999,1000000,1000000,22115,10590.0,HORIZONTAL,BURLINGTON RESOURCES OIL & GAS COMPANY LP,DUNN ,ND,ACTIVE,THREE FORKS ,10000.0,1PDP,JUL,2013,Default
A_33025019610000,O,CCU MERIWETHER 14-19MBH,47.528751799999995,-102.8387963,1000000,1000000,21851,10528.0,HORIZONTAL,BURLINGTON RESOURCES OIL & GAS COMPANY LP,DUNN ,ND,ACTIVE,MIDDLE BAKKEN ,10000.0,1PDP,JUL,2013,Default
A_33025017030000,O,LK-WING 146-97-2215H-3,47.4573815,-103.0184798,1000000,1000000,15716,3978.0,HORIZONTAL,HESS BAKKEN INVESTMENTS II  LLC,DUNN ,ND,ACTIVE,MIDDLE BAKKEN ,10000.0,1PDP,JUN,2013,Default
A_33025016880000,O,LK-DUKART 145-97-0310H-4,47.4164105,-103.02285859999999,1000000,1000000,22095,10537.0,HORIZONTAL,HESS BAKKEN INVESTMENTS II  LLC,DUNN ,ND,ACTIVE,MIDDLE BAKKEN ,10000.0,1PDP,JUL,2013,Default
A_33025020120000,O,CCU PRAIRIE ROSE 21-30MBH,47.528364399999994,-102.8322172,1000000,1000000,19990,8166.0,HORIZONTAL,BURLINGTON RESOURCES OIL & GAS COMPANY LP,DUNN ,ND,ACTIVE,MIDDLE BAKKEN ,10000.0,1PDP,JUL,2013,Default
A_33025016860000,O,LK-DUKART 145-97-0310H-3,47.4164131,-103.0224542,1000000,1000000,21210,9629.0,HORIZONTAL,HESS BAKKEN INVESTMENTS II  LLC,DUNN ,ND,ACTIVE,THREE FORKS ,10000.0,1PDP,JUL,2013,Default
A_33025019590000,O,CCU PRAIRIE ROSE 11-30TFH,47.5287508,-102.839161,1000000,1000000,20477,8951.0,HORIZONTAL,BURLINGTON RESOURCES OIL & GAS COMPANY LP,DUNN ,ND,ACTIVE,THREE FORKS ,10000.0,1PDP,JUL,2013,Default
A_33025020060000,O,HAWKINSON 13-22H,47.544413399999996,-102.8894774,1000000,1000000,20837,9472.0,HORIZONTAL,CONTINENTAL RESOURCES  INC.,DUNN ,ND,ACTIVE,MIDDLE BAKKEN ,10000.0,1PDP,SEP,2013,Default
A_33025016870000,O,LK-OBRIGEWITCH 146-97-3427H-4,47.4164118,-103.0226564,1000000,1000000,20520,8973.0,HORIZONTAL,HESS BAKKEN INVESTMENTS II  LLC,DUNN ,ND,ACTIVE,MIDDLE BAKKEN ,10000.0,1PDP,JUL,2013,Default
A_33025020110000,O,CCU MERIWETHER 24-19MBH,47.528363899999995,-102.83239959999999,1000000,1000000,22076,10294.0,HORIZONTAL,BURLINGTON RESOURCES OIL & GAS COMPANY LP,DUNN ,ND,ACTIVE,MIDDLE BAKKEN ,10000.0,1PDP,JUL,2013,Default
A_33025016840000,O,LK-DUKART 145-97-0310H-2,47.4164158,-103.0220498,1000000,1000000,21760,10220.0,HORIZONTAL,HESS BAKKEN INVESTMENTS II  LLC,DUNN ,ND,ACTIVE,MIDDLE BAKKEN ,10000.0,1PDP,AUG,2013,Default
A_33025020100000,O,CCU MERIWETHER 24-19TFH,47.5283635,-102.83254170000001,1000000,1000000,22468,10836.0,HORIZONTAL,BURLINGTON RESOURCES OIL & GAS COMPANY LP,DUNN ,ND,ACTIVE,THREE FORKS ,10000.0,1PDP,JUL,2013,Default
A_33025016850000,O,LK-OBRIGEWITCH 146-97-3427H-3,47.4164145,-103.02225200000001,1000000,1000000,20862,9287.0,HORIZONTAL,HESS BAKKEN INVESTMENTS II  LLC,DUNN ,ND,ACTIVE,MIDDLE BAKKEN ,10000.0,1PDP,JUL,2013,Default
A_33025020580000,O,CCU MERIWETHER 34-19TFH,47.5306452,-102.829325,1000000,1000000,21522,10064.0,HORIZONTAL,BURLINGTON RESOURCES OIL & GAS COMPANY LP,DUNN ,ND,ACTIVE,THREE FORKS ,10000.0,1PDP,JUL,2013,Default
A_33025016830000,O,LK-OBRIGEWITCH 146-97-3427H-2,47.416417100000004,-103.02184759999999,1000000,1000000,21440,9966.0,HORIZONTAL,HESS BAKKEN INVESTMENTS II  LLC,DUNN ,ND,ACTIVE,MIDDLE BAKKEN ,10000.0,1PDP,AUG,2013,Default
A_33025018620000,O,STATE WEYDAHL 3-36H1,47.51591079999999,-102.84994329999999,1000000,1000000,21088,9594.0,HORIZONTAL,CONTINENTAL RESOURCES  INC.,DUNN ,ND,ACTIVE,THREE FORKS ,10000.0,1PDP,AUG,2013,Default
A_33025018570000,O,LK-TROTTER-146-97- 3625H-5,47.416407899999996,-102.98605450000001,1000000,1000000,21190,9531.0,HORIZONTAL,HESS BAKKEN INVESTMENTS II  LLC,DUNN ,ND,ACTIVE,MIDDLE BAKKEN ,10000.0,1PDP,AUG,2013,Default
A_33025018630000,O,STATE WEYDAHL 2-36H,47.5159109,-102.849761,1000000,1000000,20955,9506.0,HORIZONTAL,CONTINENTAL RESOURCES  INC.,DUNN ,ND,ACTIVE,MIDDLE BAKKEN ,10000.0,1PDP,AUG,2013,Default
A_33025018560000,O,LK-TROTTER-146-97- 3625H-4,47.416408700000005,-102.98585229999999,1000000,1000000,20684,9032.0,HORIZONTAL,HESS BAKKEN INVESTMENTS II  LLC,DUNN ,ND,ACTIVE,MIDDLE BAKKEN ,10000.0,1PDP,JUL,2013,Default
A_33025020130000,O,CCU PRAIRIE ROSE 31-30TFH,47.5283649,-102.83203490000001,1000000,1000000,20162,8736.0,HORIZONTAL,BURLINGTON RESOURCES OIL & GAS COMPANY LP,DUNN ,ND,ACTIVE,THREE FORKS ,10000.0,1PDP,AUG,2013,Default
A_33025018340000,O,JENSEN 4-8H1,47.472457899999995,-102.80699720000001,1000000,1000000,21732,9535.0,HORIZONTAL,CONTINENTAL RESOURCES  INC.,DUNN ,ND,ACTIVE,THREE FORKS ,10000.0,1PDP,SEP,2013,Default
A_33025020980000,O,CCU WILLIAM 24-20TFH,47.5277291,-102.812722,1000000,1000000,22550,11102.0,HORIZONTAL,BURLINGTON RESOURCES OIL & GAS COMPANY LP,DUNN ,ND,ACTIVE,THREE FORKS ,10000.0,1PDP,OCT,2013,Default
A_33025018330000,O,JENSEN 3-8H,47.4724584,-102.8068151,1000000,1000000,21450,10204.0,HORIZONTAL,CONTINENTAL RESOURCES  INC.,DUNN ,ND,ACTIVE,MIDDLE BAKKEN ,10000.0,1PDP,SEP,2013,Default
A_33025018600000,O,BRANDVIK 4-25H1,47.515910299999994,-102.85093559999999,1000000,1000000,21543,10082.0,HORIZONTAL,CONTINENTAL RESOURCES  INC.,DUNN ,ND,ACTIVE,THREE FORKS ,10000.0,1PDP,OCT,2013,Default
A_33025019860000,O,HAWKINSON 12-22H3,47.5444304,-102.889656,1000000,1000000,21045,9450.0,HORIZONTAL,CONTINENTAL RESOURCES  INC.,DUNN ,ND,ACTIVE,THREE FORKS ,10000.0,1PDP,SEP,2013,Default
A_33025021000000,O,CCU WILLIAM 34-20TFH,47.527727,-102.8123574,1000000,1000000,22630,11210.0,HORIZONTAL,BURLINGTON RESOURCES OIL & GAS COMPANY LP,DUNN ,ND,ACTIVE,THREE FORKS ,10000.0,1PDP,OCT,2013,Default
A_33025019530000,O,HAWKINSON 4-22H2,47.5446568,-102.9051648,1000000,1000000,21093,9430.0,HORIZONTAL,CONTINENTAL RESOURCES  INC.,DUNN ,ND,ACTIVE,THREE FORKS ,10000.0,1PDP,SEP,2013,Default
A_33025019660000,O,HAWKINSON 8-22H,47.5447403,-102.89718590000001,1000000,1000000,20999,9504.0,HORIZONTAL,CONTINENTAL RESOURCES  INC.,DUNN ,ND,ACTIVE,MIDDLE BAKKEN ,10000.0,1PDP,SEP,2013,Default
A_33025018350000,O,MITTLESTADT 3-17H,47.4724556,-102.80780659999999,1000000,1000000,20332,9893.0,HORIZONTAL,CONTINENTAL RESOURCES  INC.,DUNN ,ND,ACTIVE,MIDDLE BAKKEN ,10000.0,1PDP,AUG,2013,Default
A_33025019550000,O,HAWKINSON 6-22H3,47.544655600000006,-102.90480009999999,1000000,1000000,21189,9451.0,HORIZONTAL,CONTINENTAL RESOURCES  INC.,DUNN ,ND,ACTIVE,THREE FORKS ,10000.0,1PDP,SEP,2013,Default
A_33025020990000,O,CCU WILLIAM 24-20MBH,47.527728,-102.8125397,1000000,1000000,22395,11054.0,HORIZONTAL,BURLINGTON RESOURCES OIL & GAS COMPANY LP,DUNN ,ND,ACTIVE,MIDDLE BAKKEN ,10000.0,1PDP,OCT,2013,Default
A_33025019680000,O,HAWKINSON 10-22H1,47.5447394,-102.896927,1000000,1000000,20988,9508.0,HORIZONTAL,CONTINENTAL RESOURCES  INC.,DUNN ,ND,ACTIVE,THREE FORKS ,10000.0,1PDP,SEP,2013,Default
A_33025018360000,O,MITTLESTADT 4-17H1,47.472455100000005,-102.8079887,1000000,1000000,20975,9692.0,HORIZONTAL,CONTINENTAL RESOURCES  INC.,DUNN ,ND,ACTIVE,THREE FORKS ,10000.0,1PDP,AUG,2013,Default
A_33025019690000,O,HAWKINSON 11-22H2,47.5447388,-102.8967446,1000000,1000000,21168,9600.0,HORIZONTAL,CONTINENTAL RESOURCES  INC.,DUNN ,ND,ACTIVE,THREE FORKS ,10000.0,1PDP,SEP,2013,Default
A_33025018610000,O,BRANDVIK 3-25H,47.515910399999996,-102.8507533,1000000,1000000,21621,10124.0,HORIZONTAL,CONTINENTAL RESOURCES  INC.,DUNN ,ND,ACTIVE,MIDDLE BAKKEN ,10000.0,1PDP,OCT,2013,Default
A_33025020070000,O,HAWKINSON 14-22H2,47.544396299999995,-102.8892948,1000000,1000000,20838,9293.0,HORIZONTAL,CONTINENTAL RESOURCES  INC.,DUNN ,ND,ACTIVE,THREE FORKS ,10000.0,1PDP,SEP,2013,Default
A_33025019540000,O,HAWKINSON 5-22H,47.544656200000006,-102.90498249999999,1000000,1000000,21032,9597.0,HORIZONTAL,CONTINENTAL RESOURCES  INC.,DUNN ,ND,ACTIVE,MIDDLE BAKKEN ,10000.0,1PDP,SEP,2013,Default
A_33025020570000,O,CCU PRAIRIE ROSE 31-30MBH,47.53064570000001,-102.8291427,1000000,1000000,20918,9611.0,HORIZONTAL,BURLINGTON RESOURCES OIL & GAS COMPANY LP,DUNN ,ND,ACTIVE,MIDDLE BAKKEN ,10000.0,1PDP,AUG,2013,Default
A_33025019670000,O,HAWKINSON 9-22H3,47.54473970000001,-102.89700359999999,1000000,1000000,21080,9512.0,HORIZONTAL,CONTINENTAL RESOURCES  INC.,DUNN ,ND,ACTIVE,THREE FORKS ,10000.0,1PDP,SEP,2013,Default
A_33025019650000,O,HAWKINSON 7-22H2,47.5447409,-102.8973683,1000000,1000000,21195,9717.0,HORIZONTAL,CONTINENTAL RESOURCES  INC.,DUNN ,ND,ACTIVE,THREE FORKS ,10000.0,1PDP,SEP,2013,Default
A_33025020470000,O,BICE FEDERAL 4-32H1,47.4163347,-102.814986,1000000,1000000,21028,9823.0,HORIZONTAL,CONTINENTAL RESOURCES  INC.,DUNN ,ND,ACTIVE,THREE FORKS ,10000.0,1PDP,NOV,2013,Default
A_33025020460000,O,BICE FEDERAL 3-32H,47.4163345,-102.8151679,1000000,1000000,20753,9748.0,HORIZONTAL,CONTINENTAL RESOURCES  INC.,DUNN ,ND,ACTIVE,MIDDLE BAKKEN ,10000.0,1PDP,NOV,2013,Default
A_33025020420000,O,LK-BICE-147-97- 1201H-2,47.5606485,-102.9768739,1000000,1000000,21207,9412.0,HORIZONTAL,HESS BAKKEN INVESTMENTS II  LLC,DUNN ,ND,ACTIVE,THREE FORKS ,10000.0,1PDP,JAN,2014,Default
A_33025020480000,O,DOLEZAL 3-5H,47.4163354,-102.8141772,1000000,1000000,21290,10155.0,HORIZONTAL,CONTINENTAL RESOURCES  INC.,DUNN ,ND,ACTIVE,MIDDLE BAKKEN ,10000.0,1PDP,FEB,2014,Default
A_33025020490000,O,DOLEZAL 4-5H1,47.416335600000004,-102.8139953,1000000,1000000,21400,10205.0,HORIZONTAL,CONTINENTAL RESOURCES  INC.,DUNN ,ND,ACTIVE,THREE FORKS ,10000.0,1PDP,FEB,2014,Default
A_33025021530000,O,CCU WILLIAM 44-20TFH,47.5292233,-102.8036353,1000000,1000000,21940,10457.0,HORIZONTAL,BURLINGTON RESOURCES OIL & GAS COMPANY LP,DUNN ,ND,ACTIVE,THREE FORKS ,10000.0,1PDP,FEB,2014,Default
A_33025021830000,O,CCU WILLIAM 14-20MBH,47.531934899999996,-102.8209251,1000000,1000000,22630,11184.0,HORIZONTAL,BURLINGTON RESOURCES OIL & GAS COMPANY LP,DUNN ,ND,ACTIVE,MIDDLE BAKKEN ,10000.0,1PDP,FEB,2014,Default
A_33025021520000,O,CCU WILLIAM 34-20MBH,47.529224400000004,-102.8038176,1000000,1000000,21880,10541.0,HORIZONTAL,BURLINGTON RESOURCES OIL & GAS COMPANY LP,DUNN ,ND,ACTIVE,MIDDLE BAKKEN ,10000.0,1PDP,FEB,2014,Default
A_33025021840000,O,CCU WILLIAM 14-20TFH,47.5319338,-102.82074279999999,1000000,1000000,21075,9681.0,HORIZONTAL,BURLINGTON RESOURCES OIL & GAS COMPANY LP,DUNN ,ND,ACTIVE,THREE FORKS ,10000.0,1PDP,FEB,2014,Default
A_33025021500000,O,CCU POWELL 31-29MBH,47.5292265,-102.8041823,1000000,1000000,20342,8783.0,HORIZONTAL,BURLINGTON RESOURCES OIL & GAS COMPANY LP,DUNN ,ND,ACTIVE,MIDDLE BAKKEN ,10000.0,1PDP,FEB,2014,Default
A_33025015800000,O,CUSKELLY 2-7H,47.4871388,-102.9685802,1000000,1000000,21232,9689.0,HORIZONTAL,CONTINENTAL RESOURCES  INC.,DUNN ,ND,ACTIVE,MIDDLE BAKKEN ,10000.0,1PDP,FEB,2014,Default
A_33025015050000,O,FRANKLIN 44-36MBH,47.5028204,-102.97403829999999,1000000,1000000,21080,9472.0,HORIZONTAL,BURLINGTON RESOURCES OIL & GAS COMPANY LP,DUNN ,ND,ACTIVE,MIDDLE BAKKEN ,10000.0,1PDP,FEB,2014,Default
A_33025021510000,O,CCU POWELL 41-29TFH-R,47.529225399999994,-102.804,1000000,1000000,20493,9068.0,HORIZONTAL,BURLINGTON RESOURCES OIL & GAS COMPANY LP,DUNN ,ND,ACTIVE,THREE FORKS ,10000.0,1PDP,AUG,2015,Default
A_33025023180000,O,COLTER 6-14H2,47.5423043,-102.87498790000001,1000000,1000000,22791,10007.0,HORIZONTAL,CONTINENTAL RESOURCES  INC.,DUNN ,ND,ACTIVE,THREE FORKS ,10000.0,1PDP,FEB,2014,Default
A_33025022910000,O,CCU WILLIAM 44-20MBH,47.5330602,-102.79758079999999,1000000,1000000,20800,9427.0,HORIZONTAL,BURLINGTON RESOURCES OIL & GAS COMPANY LP,DUNN ,ND,ACTIVE,MIDDLE BAKKEN ,10000.0,1PDP,APR,2014,Default
A_33025022900000,O,CCU CORRAL CREEK 11-28TFH,47.533060600000006,-102.79776319999999,1000000,1000000,21285,9870.0,HORIZONTAL,BURLINGTON RESOURCES OIL & GAS COMPANY LP,DUNN ,ND,ACTIVE,THREE FORKS ,10000.0,1PDP,APR,2014,Default
A_33025022920000,O,CCU FOUR ACES 14-21TFH,47.5330597,-102.7973984,1000000,1000000,20750,9292.0,HORIZONTAL,BURLINGTON RESOURCES OIL & GAS COMPANY LP,DUNN ,ND,ACTIVE,THREE FORKS ,10000.0,1PDP,APR,2014,Default
A_33025020160000,O,LK-SUMMERFIELD- 147-96-15H-4,47.5463242,-102.89282320000001,1000000,1000000,16134,4670.0,HORIZONTAL,HESS BAKKEN INVESTMENTS II  LLC,DUNN ,ND,ACTIVE,THREE FORKS ,10000.0,1PDP,JUN,2014,Default
A_33025023910000,O,CCU RED RIVER 34-9MBH,47.559118299999994,-102.78613929999999,1000000,1000000,21590,10034.0,HORIZONTAL,BURLINGTON RESOURCES OIL & GAS COMPANY LP,DUNN ,ND,ACTIVE,MIDDLE BAKKEN ,10000.0,1PDP,JUN,2014,Default
A_33025020150000,O,LK-SUMMERFIELD- 147-96-15H-3,47.5463235,-102.89262049999999,1000000,1000000,16183,4720.0,HORIZONTAL,HESS BAKKEN INVESTMENTS II  LLC,DUNN ,ND,ACTIVE,THREE FORKS ,10000.0,1PDP,JUN,2014,Default
A_33025020140000,O,LK-SUMMERFIELD- 147-96-15H-2,47.5463229,-102.89241779999999,1000000,1000000,16156,5041.0,HORIZONTAL,HESS BAKKEN INVESTMENTS II  LLC,DUNN ,ND,ACTIVE,MIDDLE BAKKEN ,10000.0,1PDP,JUN,2014,Default
A_33025023920000,O,CCU RED RIVER 34-9TFH,47.5590911,-102.78631800000001,1000000,1000000,21859,10220.0,HORIZONTAL,BURLINGTON RESOURCES OIL & GAS COMPANY LP,DUNN ,ND,ACTIVE,THREE FORKS ,10000.0,1PDP,JUN,2014,Default
A_33025022820000,O,CCU FOUR ACES 24-21MBH,47.5304136,-102.79251049999999,1000000,1000000,22166,10815.0,HORIZONTAL,BURLINGTON RESOURCES OIL & GAS COMPANY LP,DUNN ,ND,ACTIVE,MIDDLE BAKKEN ,10000.0,1PDP,AUG,2014,Default
A_33025023730000,O,CCU FOUR ACES 34-21TFH,47.5327019,-102.7862738,1000000,1000000,20664,9123.0,HORIZONTAL,BURLINGTON RESOURCES OIL & GAS COMPANY LP,DUNN ,ND,ACTIVE,THREE FORKS ,10000.0,1PDP,AUG,2014,Default
A_33025022850000,O,CCU CORRAL CREEK 11-28MBH,47.5304149,-102.79305740000001,1000000,1000000,21550,10231.0,HORIZONTAL,BURLINGTON RESOURCES OIL & GAS COMPANY LP,DUNN ,ND,ACTIVE,MIDDLE BAKKEN ,10000.0,1PDP,AUG,2014,Default
A_33025022840000,O,CCU CORRAL CREEK 21-28TFH,47.5304145,-102.79287509999999,1000000,1000000,20801,9428.0,HORIZONTAL,BURLINGTON RESOURCES OIL & GAS COMPANY LP,DUNN ,ND,ACTIVE,THREE FORKS ,10000.0,1PDP,AUG,2014,Default
A_33025022830000,O,CCU FOUR ACES 24-21TFH,47.5304141,-102.7926928,1000000,1000000,21585,10156.0,HORIZONTAL,BURLINGTON RESOURCES OIL & GAS COMPANY LP,DUNN ,ND,ACTIVE,THREE FORKS ,10000.0,1PDP,AUG,2014,Default
A_33025023750000,O,CCU CORRAL CREEK 31-28TFH,47.5326407,-102.7859212,1000000,1000000,21850,10304.0,HORIZONTAL,BURLINGTON RESOURCES OIL & GAS COMPANY LP,DUNN ,ND,ACTIVE,THREE FORKS ,10000.0,1PDP,AUG,2014,Default
A_33025023760000,O,CCU CORRAL CREEK 31-28MBH,47.5326129,-102.7857429,1000000,1000000,21714,10264.0,HORIZONTAL,BURLINGTON RESOURCES OIL & GAS COMPANY LP,DUNN ,ND,ACTIVE,MIDDLE BAKKEN ,10000.0,1PDP,AUG,2014,Default
A_33025023740000,O,CCU FOUR ACES 34-21MBH,47.5326713,-102.7860995,1000000,1000000,20107,8613.0,HORIZONTAL,BURLINGTON RESOURCES OIL & GAS COMPANY LP,DUNN ,ND,ACTIVE,MIDDLE BAKKEN ,10000.0,1PDP,AUG,2014,Default
A_33025024330000,O,HARTMAN 8-28H1,47.443478000000006,-102.7971678,1000000,1000000,20745,9520.0,HORIZONTAL,CONTINENTAL RESOURCES  INC.,DUNN ,ND,ACTIVE,THREE FORKS ,10000.0,1PDP,SEP,2014,Default
A_33025024350000,O,HARTMAN 10-28H,47.443478000000006,-102.79680379999999,1000000,1000000,20689,9275.0,HORIZONTAL,CONTINENTAL RESOURCES  INC.,DUNN ,ND,ACTIVE,MIDDLE BAKKEN ,10000.0,1PDP,SEP,2014,Default
A_33025024340000,O,HARTMAN 9-28H2,47.443478000000006,-102.7969858,1000000,1000000,20733,9408.0,HORIZONTAL,CONTINENTAL RESOURCES  INC.,DUNN ,ND,ACTIVE,THREE FORKS ,10000.0,1PDP,SEP,2014,Default
A_33025024370000,O,HARTMAN 6-28H2,47.44388920000001,-102.79680379999999,1000000,1000000,20900,9276.0,HORIZONTAL,CONTINENTAL RESOURCES  INC.,DUNN ,ND,ACTIVE,THREE FORKS ,10000.0,1PDP,SEP,2014,Default
A_33025024380000,O,HARTMAN 7-28H3,47.44388920000001,-102.7966218,1000000,1000000,20949,9283.0,HORIZONTAL,CONTINENTAL RESOURCES  INC.,DUNN ,ND,ACTIVE,THREE FORKS ,10000.0,1PDP,SEP,2014,Default
A_33025024710000,O,BRANDVIK FEDERAL 24X-13F,47.5466094,-102.8587569,1000000,1000000,20872,9329.0,HORIZONTAL,XTO ENERGY INC.,DUNN ,ND,ACTIVE,THREE FORKS ,10000.0,1PDP,SEP,2014,Default
A_33025024740000,O,BRANDVIK FEDERAL 44X-13H,47.5471078,-102.8476314,1000000,1000000,20808,9275.0,HORIZONTAL,XTO ENERGY INC.,DUNN ,ND,ACTIVE,THREE FORKS ,10000.0,1PDP,NOV,2014,Default
A_33025024700000,O,BRANDVIK 24X-13E2,47.5466093,-102.85900009999999,1000000,1000000,21150,9526.0,HORIZONTAL,XTO ENERGY INC.,DUNN ,ND,ACTIVE,THREE FORKS ,10000.0,1PDP,OCT,2014,Default
A_33025024730000,O,BRANDVIK FEDERAL 44X-13D,47.54719,-102.84763199999999,1000000,1000000,20727,9285.0,HORIZONTAL,XTO ENERGY INC.,DUNN ,ND,ACTIVE,MIDDLE BAKKEN ,10000.0,1PDP,NOV,2014,Default
A_33025024720000,O,BRANDVIK FEDERAL 44X-13G,47.5472723,-102.84763259999998,1000000,1000000,20958,9408.0,HORIZONTAL,XTO ENERGY INC.,DUNN ,ND,ACTIVE,THREE FORKS ,10000.0,1PDP,DEC,2014,Default
A_33025022890000,O,CCU POWELL 41-29MBH,47.533061,-102.7979455,1000000,1000000,22124,10769.0,HORIZONTAL,BURLINGTON RESOURCES OIL & GAS COMPANY LP,DUNN ,ND,ACTIVE,MIDDLE BAKKEN ,10000.0,1PDP,NOV,2014,Default
A_33025024480000,O,LK-SUMMERFIELD- 147-96-15H-6,47.546480100000004,-102.9052312,1000000,1000000,15763,4476.0,HORIZONTAL,HESS BAKKEN INVESTMENTS II  LLC,DUNN ,ND,ACTIVE,THREE FORKS ,10000.0,1PDP,NOV,2014,Default
A_33025025310000,O,LK-SUMMERFIELD- LW-147-96-15H-1,47.5464806,-102.905365,1000000,1000000,15756,4520.0,HORIZONTAL,HESS BAKKEN INVESTMENTS II  LLC,DUNN ,ND,ACTIVE,MIDDLE BAKKEN ,10000.0,1PDP,NOV,2014,Default
A_33025024490000,O,LK-SUMMERFIELD- 147-96-15H-5,47.5464797,-102.9050974,1000000,1000000,15806,4575.0,HORIZONTAL,HESS BAKKEN INVESTMENTS II  LLC,DUNN ,ND,ACTIVE,MIDDLE BAKKEN ,10000.0,1PDP,NOV,2014,Default
A_33025024750000,O,BRANDVIK FEDERAL 44X-13C,47.5470256,-102.8476309,1000000,1000000,21288,9839.0,HORIZONTAL,XTO ENERGY INC.,DUNN ,ND,ACTIVE,MIDDLE BAKKEN ,10000.0,1PDP,NOV,2014,Default
A_33025025430000,O,CCU PULLMAN 6-8-7TFH,47.5469843,-102.8310213,1000000,1000000,22826,9858.0,HORIZONTAL,BURLINGTON RESOURCES OIL & GAS COMPANY LP,DUNN ,ND,ACTIVE,THREE FORKS ,10000.0,1PDP,JAN,2015,Default
A_33025023550000,O,OAKDALE 2-13H1,47.4579349,-102.84924129999999,1000000,1000000,21828,9958.0,HORIZONTAL,CONTINENTAL RESOURCES  INC.,DUNN ,ND,ACTIVE,THREE FORKS ,10000.0,1PDP,MAR,2015,Default
A_33025023540000,O,OAKDALE 3-13H,47.4579344,-102.8494233,1000000,1000000,21390,10100.0,HORIZONTAL,CONTINENTAL RESOURCES  INC.,DUNN ,ND,ACTIVE,MIDDLE BAKKEN ,10000.0,1PDP,FEB,2015,Default
A_33025025340000,O,CCU PULLMAN 3-8-7TFH,47.5467284,-102.8354882,1000000,1000000,22907,9894.0,HORIZONTAL,BURLINGTON RESOURCES OIL & GAS COMPANY LP,DUNN ,ND,ACTIVE,THREE FORKS ,10000.0,1PDP,FEB,2015,Default
A_33025025320000,O,CCU PULLMAN 1-8-7TFH,47.5467299,-102.835853,1000000,1000000,23090,10085.0,HORIZONTAL,BURLINGTON RESOURCES OIL & GAS COMPANY LP,DUNN ,ND,ACTIVE,THREE FORKS ,10000.0,1PDP,FEB,2015,Default
A_33025025350000,O,CCU PULLMAN 3-8-7MBH,47.546727600000004,-102.8353058,1000000,1000000,22832,9995.0,HORIZONTAL,BURLINGTON RESOURCES OIL & GAS COMPANY LP,DUNN ,ND,ACTIVE,MIDDLE BAKKEN ,10000.0,1PDP,FEB,2015,Default
A_33025023570000,O,RYDEN 3-24H,47.457938399999996,-102.84825,1000000,1000000,20740,9490.0,HORIZONTAL,CONTINENTAL RESOURCES  INC.,DUNN ,ND,ACTIVE,MIDDLE BAKKEN ,10000.0,1PDP,MAR,2015,Default
A_33025025330000,O,CCU PULLMAN 2-8-7MBH,47.5467291,-102.83567059999999,1000000,1000000,22975,9993.0,HORIZONTAL,BURLINGTON RESOURCES OIL & GAS COMPANY LP,DUNN ,ND,ACTIVE,MIDDLE BAKKEN ,10000.0,1PDP,FEB,2015,Default
A_33025025420000,O,CCU PULLMAN 5-8-7MBH,47.546985,-102.8312037,1000000,1000000,22768,9991.0,HORIZONTAL,BURLINGTON RESOURCES OIL & GAS COMPANY LP,DUNN ,ND,ACTIVE,MIDDLE BAKKEN ,10000.0,1PDP,FEB,2015,Default
A_33025023580000,O,RYDEN 2-24AH1,47.4579391,-102.84806800000001,1000000,1000000,20865,9515.0,HORIZONTAL,CONTINENTAL RESOURCES  INC.,DUNN ,ND,ACTIVE,THREE FORKS ,10000.0,1PDP,MAR,2015,Default
A_33025025460000,O,CCU PULLMAN 7-8-7TFH,47.546707899999994,-102.8230578,1000000,1000000,22962,9912.0,HORIZONTAL,BURLINGTON RESOURCES OIL & GAS COMPANY LP,DUNN ,ND,ACTIVE,THREE FORKS ,10000.0,1PDP,MAR,2015,Default
A_33025025770000,O,LK-A QTR CIR- 147-96-1807H-6,47.5469175,-102.9583641,1000000,1000000,20926,9508.0,HORIZONTAL,HESS BAKKEN INVESTMENTS II  LLC,DUNN ,ND,ACTIVE,MIDDLE BAKKEN ,10000.0,1PDP,MAR,2015,Default
A_33025025790000,O,LK-A QTR CIR- 147-96-1807H-4,47.5467365,-102.9583628,1000000,1000000,21805,10388.0,HORIZONTAL,HESS BAKKEN INVESTMENTS II  LLC,DUNN ,ND,ACTIVE,MIDDLE BAKKEN ,10000.0,1PDP,MAR,2015,Default
A_33025023560000,O,RYDEN 4-24H1,47.457937799999996,-102.8484321,1000000,1000000,21155,9331.0,HORIZONTAL,CONTINENTAL RESOURCES  INC.,DUNN ,ND,ACTIVE,THREE FORKS ,10000.0,1PDP,MAR,2015,Default
A_33025025440000,O,CCU PULLMAN 8-8-7TFH,47.5467064,-102.8226929,1000000,1000000,22895,9938.0,HORIZONTAL,BURLINGTON RESOURCES OIL & GAS COMPANY LP,DUNN ,ND,ACTIVE,THREE FORKS ,10000.0,1PDP,MAR,2015,Default
A_33025023530000,O,OAKDALE 4-13H1,47.457933700000005,-102.8496054,1000000,1000000,21579,10267.0,HORIZONTAL,CONTINENTAL RESOURCES  INC.,DUNN ,ND,ACTIVE,THREE FORKS ,10000.0,1PDP,MAR,2015,Default
A_33025025780000,O,LK-A QTR CIR- 147-96-1807H-5,47.546827,-102.9583635,1000000,1000000,21352,9852.0,HORIZONTAL,HESS BAKKEN INVESTMENTS II  LLC,DUNN ,ND,ACTIVE,THREE FORKS ,10000.0,1PDP,MAR,2015,Default
A_33025025760000,O,LK-A QTR CIR- 147-96-1807H-7,47.5470079,-102.9583647,1000000,1000000,20758,9241.0,HORIZONTAL,HESS BAKKEN INVESTMENTS II  LLC,DUNN ,ND,ACTIVE,THREE FORKS ,10000.0,1PDP,MAR,2015,Default
A_33025023520000,O,OAKDALE 5-13H,47.4579331,-102.84978740000001,1000000,1000000,22049,10224.0,HORIZONTAL,CONTINENTAL RESOURCES  INC.,DUNN ,ND,ACTIVE,MIDDLE BAKKEN ,10000.0,1PDP,APR,2015,Default
A_33025026660000,O,CANDEE 5-9H1,47.4752119,-102.79051899999999,1000000,1000000,20335,9032.0,HORIZONTAL,CONTINENTAL RESOURCES  INC.,DUNN ,ND,ACTIVE,MIDDLE BAKKEN ,10000.0,1PDP,APR,2015,Default
A_33025026670000,O,CANDEE 6-9H,47.4752118,-102.7903368,1000000,1000000,20580,8855.0,HORIZONTAL,CONTINENTAL RESOURCES  INC.,DUNN ,ND,ACTIVE,MIDDLE BAKKEN ,10000.0,1PDP,APR,2015,Default
A_33025015390000,O,LUNDBERG FEDERAL 2-8AH,47.4872805,-102.9402259,1000000,1000000,26690,14745.0,HORIZONTAL,CONTINENTAL RESOURCES  INC.,DUNN ,ND,ACTIVE,MIDDLE BAKKEN ,10000.0,1PDP,MAY,2015,Default
A_33025026800000,O,STATE WEYDAHL 4-36H1,47.515911200000005,-102.8491535,1000000,1000000,21080,9451.0,HORIZONTAL,CONTINENTAL RESOURCES  INC.,DUNN ,ND,ACTIVE,THREE FORKS ,10000.0,1PDP,JUN,2015,Default
A_33025026780000,O,BRIDGER 5-14H,47.457277399999995,-102.8762712,1000000,1000000,21720,10225.0,HORIZONTAL,CONTINENTAL RESOURCES  INC.,DUNN ,ND,ACTIVE,MIDDLE BAKKEN ,10000.0,1PDP,JUL,2015,Default
A_33025026790000,O,BRIDGER 4-14H2,47.4572555,-102.876453,1000000,1000000,22030,10404.0,HORIZONTAL,CONTINENTAL RESOURCES  INC.,DUNN ,ND,ACTIVE,THREE FORKS ,10000.0,1PDP,JUL,2015,Default
A_33025028220000,O,LK-A QTR CIR- 147-96-1807H-11,47.5474849,-102.95836800000001,1000000,1000000,21144,9651.0,HORIZONTAL,HESS BAKKEN INVESTMENTS II  LLC,DUNN ,ND,ACTIVE,THREE FORKS ,10000.0,1PDP,JUL,2015,Default
A_33025028230000,O,LK-A QTR CIR- 147-96-1807H-10,47.5473945,-102.95836740000001,1000000,1000000,21025,12575.0,HORIZONTAL,HESS BAKKEN INVESTMENTS II  LLC,DUNN ,ND,ACTIVE,MIDDLE BAKKEN ,10000.0,1PDP,JUL,2015,Default
A_33025027430000,O,CCU DAKOTAN 1-7-17TFH,47.5475195,-102.81451109999999,1000000,1000000,22828,10002.0,HORIZONTAL,BURLINGTON RESOURCES OIL & GAS COMPANY LP,DUNN ,ND,ACTIVE,THREE FORKS ,10000.0,1PDP,AUG,2015,Default
A_33025027440000,O,CCU DAKOTAN 1-7-17MBH,47.547462,-102.81467359999999,1000000,1000000,22848,9982.0,HORIZONTAL,BURLINGTON RESOURCES OIL & GAS COMPANY LP,DUNN ,ND,ACTIVE,MIDDLE BAKKEN ,10000.0,1PDP,AUG,2015,Default
A_33025028250000,O,LK-A QTR CIR- 147-96-1807H-8,47.5472135,-102.95836609999999,1000000,1000000,20354,8933.0,HORIZONTAL,HESS BAKKEN INVESTMENTS II  LLC,DUNN ,ND,ACTIVE,MIDDLE BAKKEN ,10000.0,1PDP,AUG,2015,Default
A_33025027720000,O,CCU DAKOTAN 7-8-17TFH,47.5473814,-102.80701490000001,1000000,1000000,22894,9985.0,HORIZONTAL,BURLINGTON RESOURCES OIL & GAS COMPANY LP,DUNN ,ND,ACTIVE,THREE FORKS ,10000.0,1PDP,SEP,2015,Default
A_33025027730000,O,CCU DAKOTAN 7-8-17MBH,47.5472608,-102.80698819999999,1000000,1000000,22866,10003.0,HORIZONTAL,BURLINGTON RESOURCES OIL & GAS COMPANY LP,DUNN ,ND,ACTIVE,MIDDLE BAKKEN ,10000.0,1PDP,SEP,2015,Default
A_33025028240000,O,LK-A QTR CIR- 147-96-1807H-9,47.547304,-102.9583668,1000000,1000000,20392,8905.0,HORIZONTAL,HESS BAKKEN INVESTMENTS II  LLC,DUNN ,ND,ACTIVE,THREE FORKS ,10000.0,1PDP,JUL,2015,Default
A_33025026770000,O,BRIDGER 6-14H1,47.4572966,-102.87609350000001,1000000,1000000,21912,10473.0,HORIZONTAL,CONTINENTAL RESOURCES  INC.,DUNN ,ND,ACTIVE,THREE FORKS ,10000.0,1PDP,AUG,2015,Default
A_33025027740000,O,CCU DAKOTAN 3-8-17MBH,47.546853799999994,-102.8101478,1000000,1000000,22785,9819.0,HORIZONTAL,BURLINGTON RESOURCES OIL & GAS COMPANY LP,DUNN ,ND,ACTIVE,MIDDLE BAKKEN ,10000.0,1PDP,AUG,2015,Default
A_33025025610000,O,LK-TROTTER- 146-97-3625H-2,47.414588200000004,-102.97825019999999,1000000,1000000,21775,10452.0,HORIZONTAL,HESS BAKKEN INVESTMENTS II  LLC,DUNN ,ND,ACTIVE,MIDDLE BAKKEN ,10000.0,1PDP,AUG,2015,Default
A_33025029120000,O,HAWKINSON 15-22H,47.545150899999996,-102.8970178,1000000,1000000,20945,2942.0,HORIZONTAL,CONTINENTAL RESOURCES  INC.,DUNN ,ND,ACTIVE,MIDDLE BAKKEN ,10000.0,1PDP,JUL,2015,Default
A_33025026650000,O,CANDEE 4-9H,47.475212,-102.7907012,1000000,1000000,20505,9049.0,HORIZONTAL,CONTINENTAL RESOURCES  INC.,DUNN ,ND,ACTIVE,THREE FORKS ,10000.0,1PDP,APR,2015,Default
A_33025025600000,O,LK-TROTTER- 146-97-3625H-3,47.4145888,-102.9781168,1000000,1000000,21610,10277.0,HORIZONTAL,HESS BAKKEN INVESTMENTS II  LLC,DUNN ,ND,ACTIVE,MIDDLE BAKKEN ,10000.0,1PDP,AUG,2015,Default
A_33025029660000,O,BICE 6-32H1,47.4143094,-102.8142323,1000000,1000000,21717,10098.0,HORIZONTAL,CONTINENTAL RESOURCES  INC.,DUNN ,ND,ACTIVE,THREE FORKS ,10000.0,1PDP,JUL,2016,Default
A_33025029680000,O,DOLEZAL 5-5H,47.4162775,-102.8174647,1000000,1000000,21355,10077.0,HORIZONTAL,CONTINENTAL RESOURCES  INC.,DUNN ,ND,ACTIVE,MIDDLE BAKKEN ,10000.0,1PDP,JAN,2018,Default
A_33025031560000,O,BRIDGER 10-14H2,47.4598436,-102.86868179999999,1000000,1000000,21635,10064.0,HORIZONTAL,CONTINENTAL RESOURCES  INC.,DUNN ,ND,ACTIVE,THREE FORKS ,10000.0,1PDP,JUN,2017,Default
A_33025026700000,O,KUKLA 6-16H,47.475211200000004,-102.7889098,1000000,1000000,21747,10267.0,HORIZONTAL,CONTINENTAL RESOURCES  INC.,DUNN ,ND,ACTIVE,MIDDLE BAKKEN ,10000.0,1PDP,FEB,2017,Default
A_33025029940000,O,BRIDGER 8-14H,47.457567,-102.8721963,1000000,1000000,21569,10039.0,HORIZONTAL,CONTINENTAL RESOURCES  INC.,DUNN ,ND,ACTIVE,MIDDLE BAKKEN ,10000.0,1PDP,JUN,2017,Default
A_33025026760000,O,BONNEVILLE 4-23H,47.457384999999995,-102.8752765,1000000,1000000,20595,9027.0,HORIZONTAL,CONTINENTAL RESOURCES  INC.,DUNN ,ND,ACTIVE,THREE FORKS ,10000.0,1PDP,JUL,2017,Default
A_33025026750000,O,BONNEVILLE 5-23H1,47.45740479999999,-102.8750983,1000000,1000000,20714,9167.0,HORIZONTAL,CONTINENTAL RESOURCES  INC.,DUNN ,ND,ACTIVE,MIDDLE BAKKEN ,10000.0,1PDP,JUL,2017,Default
A_33025029950000,O,BRIDGER 9-14H1,47.457566899999996,-102.8720142,1000000,1000000,21627,10067.0,HORIZONTAL,CONTINENTAL RESOURCES  INC.,DUNN ,ND,ACTIVE,MIDDLE BAKKEN ,10000.0,1PDP,JUN,2017,Default
A_33025031800000,O,OAKDALE 10-13H1,47.459933500000005,-102.8574843,1000000,1000000,20917,9500.0,HORIZONTAL,CONTINENTAL RESOURCES  INC.,DUNN ,ND,ACTIVE,BAKKEN POOL,10000.0,1PDP,OCT,2017,Default
A_33025027030000,O,THORVALD 4-6H1,47.4866971,-102.9603851,1000000,1000000,21872,,HORIZONTAL,CONTINENTAL RESOURCES  INC.,DUNN ,ND,ACTIVE,BAKKEN POOL,10000.0,1PDP,DEC,2017,Default
A_33025029670000,O,BICE 5-32H,47.4143092,-102.8144142,1000000,1000000,21146,9653.0,HORIZONTAL,CONTINENTAL RESOURCES  INC.,DUNN ,ND,ACTIVE,MIDDLE BAKKEN ,10000.0,1PDP,JUL,2016,Default
A_33025031790000,O,OAKDALE 9-13H,47.4599327,-102.85766640000001,1000000,1000000,20804,9409.0,HORIZONTAL,CONTINENTAL RESOURCES  INC.,DUNN ,ND,ACTIVE,BAKKEN POOL,10000.0,1PDP,OCT,2017,Default
A_33025029690000,O,DOLEZAL 6-5H1,47.4162777,-102.8172827,1000000,1000000,21452,10193.0,HORIZONTAL,CONTINENTAL RESOURCES  INC.,DUNN ,ND,ACTIVE,THREE FORKS ,10000.0,1PDP,JAN,2018,Default
A_33025031680000,O,BRIDGER 11-14H1,47.459844700000005,-102.8683176,1000000,1000000,21605,11101.0,HORIZONTAL,CONTINENTAL RESOURCES  INC.,DUNN ,ND,ACTIVE,THREE FORKS ,10000.0,1PDP,JUN,2017,Default
A_33025026680000,O,KUKLA 4-16H,47.4752113,-102.78927420000001,1000000,1000000,21971,10186.0,HORIZONTAL,CONTINENTAL RESOURCES  INC.,DUNN ,ND,ACTIVE,MIDDLE BAKKEN ,10000.0,1PDP,MAR,2017,Default
A_33025029930000,O,BRIDGER 7-14H2,47.457567,-102.87237840000002,1000000,1000000,21683,9834.0,HORIZONTAL,CONTINENTAL RESOURCES  INC.,DUNN ,ND,ACTIVE,THREE FORKS ,10000.0,1PDP,JUN,2017,Default
A_33025026690000,O,KUKLA 5-16H1,47.475211200000004,-102.78909200000001,1000000,1000000,21550,10165.0,HORIZONTAL,CONTINENTAL RESOURCES  INC.,DUNN ,ND,ACTIVE,THREE FORKS ,10000.0,1PDP,MAR,2017,Default
A_33025030410000,O,KUKLA 7-16H,47.474857799999995,-102.795463,1000000,1000000,21590,10109.0,HORIZONTAL,CONTINENTAL RESOURCES  INC.,DUNN ,ND,ACTIVE,MIDDLE BAKKEN ,10000.0,1PDP,APR,2017,Default
A_33025030420000,O,CANDEE 7-9H,47.47485770000001,-102.7952808,1000000,1000000,20553,,HORIZONTAL,CONTINENTAL RESOURCES  INC.,DUNN ,ND,ACTIVE,BAKKEN POOL,10000.0,1PDP,DEC,2017,Default
A_33025026740000,O,BONNEVILLE 6-23H1,47.4574246,-102.8749202,1000000,1000000,21297,9739.0,HORIZONTAL,CONTINENTAL RESOURCES  INC.,DUNN ,ND,ACTIVE,THREE FORKS ,10000.0,1PDP,JUL,2017,Default
A_33025030400000,O,CANDEE 8-9H1,47.4748576,-102.79509859999999,1000000,1000000,20545,9126.0,HORIZONTAL,CONTINENTAL RESOURCES  INC.,DUNN ,ND,ACTIVE,THREE FORKS ,10000.0,1PDP,APR,2017,Default
A_33025032360000,O,MOUNTAIN GAP 7-10H,47.489153200000004,-102.9070329,1000000,1000000,22059,,HORIZONTAL,CONTINENTAL RESOURCES  INC.,DUNN ,ND,ACTIVE,BAKKEN POOL,10000.0,1PDP,FEB,2018,Default
A_33025032370000,O,MOUNTAIN GAP 8-10H1,47.4892086,-102.90686640000001,1000000,1000000,21945,,HORIZONTAL,CONTINENTAL RESOURCES  INC.,DUNN ,ND,ACTIVE,BAKKEN POOL,10000.0,1PDP,FEB,2018,Default
A_33025030800000,O,CCU RED RIVER 1-2-16 MBH,47.55606160000001,-102.79474040000001,1000000,1000000,21770,10090.0,HORIZONTAL,BURLINGTON RESOURCES OIL & GAS COMPANY LP,DUNN ,ND,ACTIVE,MIDDLE BAKKEN ,10000.0,1PDP,MAR,2017,Default
A_33025030790000,O,CCU DAKOTAN 8-2-16 TFH,47.556165899999996,-102.79484029999999,1000000,1000000,21588,10563.0,HORIZONTAL,BURLINGTON RESOURCES OIL & GAS COMPANY LP,DUNN ,ND,ACTIVE,THREE FORKS ,10000.0,1PDP,MAR,2017,Default
A_33025030810000,O,CCU RED RIVER 3-2-16 TFH,47.5552851,-102.79398509999999,1000000,1000000,21870,10079.0,HORIZONTAL,BURLINGTON RESOURCES OIL & GAS COMPANY LP,DUNN ,ND,ACTIVE,THREE FORKS ,10000.0,1PDP,DEC,2017,Default
A_33025030820000,O,CCU RED RIVER 3-2-16 MBH,47.5551836,-102.7938811,1000000,1000000,22090,10470.0,HORIZONTAL,BURLINGTON RESOURCES OIL & GAS COMPANY LP,DUNN ,ND,ACTIVE,MIDDLE BAKKEN ,10000.0,1PDP,DEC,2017,Default
A_33025030830000,O,CCU RED RIVER 4-2-16 TFH,47.555079299999996,-102.7937812,1000000,1000000,21760,9997.0,HORIZONTAL,BURLINGTON RESOURCES OIL & GAS COMPANY LP,DUNN ,ND,ACTIVE,THREE FORKS ,10000.0,1PDP,DEC,2017,Default
